nome,especie,raca,idade_anos,peso_kg
Thor,Cachorro,Labrador,5,32.5
Luna,Gato,Siamês,3,4.2
Mel,Cachorro,Shih-tzu,2,6.8
Simba,Gato,Persa,4,5.1
Bob,Cachorro,Poodle,7,9.3
Nina,Gato,Siamês,2,3.9
Zeus,Cachorro,Rottweiler,6,45.2
Mia,Gato,Persa,5,4.8
Fred,Cachorro,Beagle,4,14.6
Amora,Gato,Siamês,1,3.2
Max,Cachorro,Golden Retriever,3,29.7
Belinha,Cachorro,Poodle,8,7.5
Tom,Gato,Maine Coon,6,8.3
Pipoca,Cachorro,Shih-tzu,2,5.9
Frajola,Gato,Siamês,4,4.6
Toby,Cachorro,Beagle,5,13.8
Jade,Gato,Maine Coon,3,7.4
Luke,Cachorro,Labrador,6,35.1
Kiara,Gato,Persa,2,4.1
Bidu,Cachorro,Poodle,9,8.7
